Link,Address,Price,Beds,Baths,Sqft,Year Built,Zestimate,Lot Size,Price per Sqft,HOA
https://www.zillow.com/homedetails/3072-30th-St-Astoria-NY-11102/143363094_zpid/,"3072 30th St, Astoria, NY 11102","$2,678,000",5,4,"3,300",Built in 1920,$--,-- sqft lot,$812/sqft,$-- HOA
https://www.zillow.com/homedetails/167-E-61st-St-New-York-NY-10065/92344174_zpid/,"167 E 61st St UNIT 10c/11c, New York, NY 10065","$3,495,000",4,5,"3,200",Built in 1984,$--,-- sqft lot,"$1,092/sqft","$9,931/mo HOA"
https://www.zillow.com/homedetails/8702-Palermo-St-Jamaica-NY-11423/32146236_zpid/,"8702 Palermo St, Jamaica, NY 11423","$2,850,000",7,4,--,Built in 1920,"$2,850,500",-- sqft lot,$--/sqft,$-- HOA
https://www.zillow.com/homedetails/50-Park-Ter-W-APT-1G-New-York-NY-10034/244858343_zpid/,"50 Park Ter W APT 1G, New York, NY 10034","$269,000",0,1,--,Built in 1925,$--,-- sqft lot,$--/sqft,$632/mo HOA
https://www.zillow.com/homedetails/102-Prospect-Park-W-APT-1-Brooklyn-NY-11215/79717892_zpid/,"102 Prospect Park W APT 1, Brooklyn, NY 11215","$1,100,000",1,1,--,Built in 1920,"$1,105,700",-- sqft lot,$--/sqft,"$1,091/mo HOA"
https://www.zillow.com/homedetails/785-E-160th-St-A-Bronx-NY-10456/351186531_zpid/,"785 E 160th Street UNIT A, Bronx, NY 10456","$350,000",3,2,--,Built in 1993,$--,-- sqft lot,$--/sqft,$-- HOA
https://www.zillow.com/homedetails/8011-166th-St-Jamaica-NY-11432/32076844_zpid/,"8011 166th St, Jamaica, NY 11432","$850,000",3,2,--,Built in 1935,"$851,400",-- sqft lot,$--/sqft,$-- HOA
https://www.zillow.com/homedetails/401-E-86th-St-APT-10E-New-York-NY-10028/2054287555_zpid/,"401 E 86th St APT 10E, New York, NY 10028","$795,000",2,1,850,Built in 1963,"$790,400",-- sqft lot,$935/sqft,"$1,543/mo HOA"
https://www.zillow.com/homedetails/2400-E-3rd-St-APT-507-Brooklyn-NY-11223/79720535_zpid/,"2400 E 3rd St APT 507, Brooklyn, NY 11223","$378,999",2,1,956,Built in 1957,$--,-- sqft lot,$396/sqft,$891/mo HOA
https://www.zillow.com/homedetails/48-18-43rd-St-APT-2C-Woodside-NY-11377/89558285_zpid/,"48-18 43rd Street UNIT 2C, Woodside, NY 11377","$384,000",1,1,--,Built in 1933,"$434,900",-- sqft lot,$--/sqft,$882/mo HOA
https://www.zillow.com/homedetails/2877-W-20th-St-Brooklyn-NY-11224/2078718529_zpid/,"2877 W 20th St, Brooklyn, NY 11224","$1,500,000",2,8,"2,200",Built in ----,"$1,493,100",-- sqft lot,$682/sqft,$-- HOA
https://www.zillow.com/homedetails/21-S-End-Ave-APT-223-New-York-NY-10280/31492419_zpid/,"21 S End Ave APT 223, New York, NY 10280","$799,000",1,2,800,Built in 1988,"$792,300",-- sqft lot,$999/sqft,$806/mo HOA
https://www.zillow.com/homedetails/244-E-30th-St-APT-4B-New-York-NY-10016/244732737_zpid/,"244 E 30th St APT 4B, New York, NY 10016","$795,000",2,2,700,Built in 1900,$--,-- sqft lot,"$1,136/sqft","$1,924/mo HOA"
https://www.zillow.com/homedetails/780-Stafford-Ave-Staten-Island-NY-10309/32369948_zpid/,"780 Stafford Ave, Staten Island, NY 10309","$989,000",6,4,--,Built in 1984,"$969,900",-- sqft lot,$--/sqft,$-- HOA
https://www.zillow.com/homedetails/319-E-105th-St-APT-5C-New-York-NY-10029/31546761_zpid/,"319 E 105th St APT 5C, New York, NY 10029","$599,000",2,1,--,Built in 1950,"$596,200",-- sqft lot,$--/sqft,$762/mo HOA
https://www.zillow.com/homedetails/45-Greene-St-New-York-NY-10013/31496974_zpid/,"45 Greene St, New York, NY 10013","$9,800,000",3,3,"2,900",Built in 1882,"$9,964,100",-- sqft lot,"$3,379/sqft","$1,691/mo HOA"
https://www.zillow.com/homedetails/235-E-57th-St-APT-17D-New-York-NY-10022/244730997_zpid/,"235 E 57th St APT 17D, New York, NY 10022","$595,000",1,1,--,Built in 1960,$--,-- sqft lot,$--/sqft,"$1,808/mo HOA"
https://www.zillow.com/homedetails/358-W-23rd-St-New-York-NY-10011/2081529148_zpid/,"358 W 23rd St, New York, NY 10011","$1,695,000",0,3,"3,300",Built in 1910,$--,-- sqft lot,$514/sqft,"$1,200/mo HOA"
https://www.zillow.com/homedetails/486-E-42nd-St-Brooklyn-NY-11203/30661849_zpid/,"486 E 42nd St, Brooklyn, NY 11203","$850,000",3,2,"1,612",Built in 1940,"$854,400",-- sqft lot,$527/sqft,$-- HOA
https://www.zillow.com/community/belnord/2076852392_zpid/,N/A,from,N/A,N/A,N/A,N/A,N/A,N/A,Price/sqft:,N/A
https://www.zillow.com/homedetails/21-22-202nd-St-Bayside-NY-11360/2059768809_zpid/,"21-22 202nd Street UNIT Upper, Bayside, NY 11360","$315,000",2,1,--,Built in 1962,$--,-- sqft lot,$--/sqft,"$1,168/mo HOA"
https://www.zillow.com/homedetails/119-18-147th-St-Richmond-Hill-NY-11418/351178986_zpid/,"119-18 147th Street, Richmond Hill, NY 11418","$749,000",3,2,--,Built in 1920,$--,"2,000 sqft lot",$--/sqft,$-- HOA
https://www.zillow.com/homedetails/675-Lafayette-Ave-APT-2-Brooklyn-NY-11216/300080034_zpid/,"675 Lafayette Ave APT 2, Brooklyn, NY 11216","$1,250,000",2,2,952,Built in 1899,"$1,243,800",-- sqft lot,"$1,313/sqft",$477/mo HOA
https://www.zillow.com/homedetails/464-Neptune-Ave-APT-18H-Brooklyn-NY-11224/245055636_zpid/,"464 Neptune Ave APT 18H, Brooklyn, NY 11224","$339,000",1,1,725,Built in 1964,$--,-- sqft lot,$468/sqft,$773/mo HOA
https://www.zillow.com/homedetails/4230-Douglaston-Pkwy-APT-2K-Flushing-NY-11363/245393100_zpid/,"4230 Douglaston Pkwy APT 2K, Flushing, NY 11363","$339,000",2,1,--,Built in 1964,$--,-- sqft lot,$--/sqft,$978/mo HOA
https://www.zillow.com/homedetails/8800-Bay-Pkwy-4A-Brooklyn-NY-11214/351177956_zpid/,"8800 Bay Pkwy #4A, Brooklyn, NY 11214","$517,590",1,1,486,Built in 2024,$--,-- sqft lot,"$1,065/sqft",$203/mo HOA
https://www.zillow.com/homedetails/2320-Bergen-Ave-Brooklyn-NY-11234/30783213_zpid/,"2320 Bergen Ave, Brooklyn, NY 11234","$1,199,999",4,3,"1,680",Built in 1955,"$1,199,300","4,000 sqft lot",$714/sqft,$-- HOA
https://www.zillow.com/homedetails/306-Gold-St-APT-16A-Brooklyn-NY-11201/89071253_zpid/,"306 Gold St APT 16A, Brooklyn, NY 11201","$1,480,000",2,2,"1,208",Built in 2005,"$1,472,600",-- sqft lot,"$1,225/sqft","$1,113/mo HOA"
https://www.zillow.com/homedetails/340-Riverside-Dr-APT-9C-New-York-NY-10025/121650643_zpid/,"340 Riverside Dr APT 9C, New York, NY 10025","$2,275,000",3,2,--,Built in 1926,"$2,274,500",-- sqft lot,$--/sqft,"$3,145/mo HOA"
https://www.zillow.com/homedetails/161-W-133rd-St-1RR-New-York-NY-10030/2106011373_zpid/,"161 W 133rd St #1RR, New York, NY 10030","$450,000",2,2,608,Built in 1910,$--,-- sqft lot,$740/sqft,$328/mo HOA
https://www.zillow.com/homedetails/20940-27th-Ave-Flushing-NY-11360/32057975_zpid/,"209-40 27th Avenue, Bayside, NY 11360","$1,149,000",3,3,"1,248",Built in 1945,"$1,168,300","4,100 sqft lot",$921/sqft,$-- HOA
https://www.zillow.com/homedetails/913-E-213th-St-Bronx-NY-10469/29827538_zpid/,"913 E 213 Street, Bronx, NY 10469","$749,999",4,2,"2,345",Built in 1920,$--,-- sqft lot,$320/sqft,$-- HOA
https://www.zillow.com/homedetails/290-Windsor-Pl-Brooklyn-NY-11218/30670522_zpid/,"290 Windsor Pl, Brooklyn, NY 11218","$2,595,000",7,3,"2,940",Built in 1910,"$2,607,100",-- sqft lot,$883/sqft,$-- HOA
https://www.zillow.com/homedetails/1906-E-38th-St-Brooklyn-NY-11234/30785164_zpid/,"1906 E 38th St, Brooklyn, NY 11234","$779,000",2,1,"1,122",Built in 1950,"$780,300","2,856 sqft lot",$694/sqft,$-- HOA
https://www.zillow.com/homedetails/363-Warren-St-Brooklyn-NY-11201/30571332_zpid/,"363 Warren St, Brooklyn, NY 11201","$4,595,000",5,5,"3,290",Built in 1899,"$4,591,800",-- sqft lot,"$1,397/sqft",$-- HOA
https://www.zillow.com/homedetails/360-W-36th-St-9-New-York-NY-10018/2073634519_zpid/,"360 W 36th St #9, New York, NY 10018","$5,350,000",5,3,"5,000",Built in 1926,$--,-- sqft lot,"$1,070/sqft","$7,843/mo HOA"
https://www.zillow.com/homedetails/2-Bay-Club-Dr-APT-8P-Flushing-NY-11360/32056492_zpid/,"2 Bay Club Drive UNIT 8P, Bayside, NY 11360","$699,000",2,2,"1,050",Built in 1983,"$700,500",-- sqft lot,$666/sqft,"$1,089/mo HOA"
https://www.zillow.com/homedetails/385-E-18th-St-APT-4J-Brooklyn-NY-11226/113973868_zpid/,"385 E 18th St APT 4J, Brooklyn, NY 11226","$549,000",1,1,900,Built in 1940,"$565,400",-- sqft lot,$610/sqft,"$1,041/mo HOA"
https://www.zillow.com/homedetails/42-83-Hunter-St-2A-Long-Island-City-NY-11101/2073155236_zpid/,"42-83 Hunter St #2A, Long Island City, NY 11101","$799,000",1,1,623,Built in 2017,"$792,600",-- sqft lot,"$1,283/sqft",$474/mo HOA
https://www.zillow.com/homedetails/88-Brooklyn-Ave-6B-Brooklyn-NY-11216/351173983_zpid/,"88 Brooklyn Ave #6B, Brooklyn, NY 11216","$350,000",1,1,--,Built in 1905,$--,-- sqft lot,$--/sqft,$585/mo HOA
https://www.zillow.com/homedetails/333-E-75th-St-APT-2G-New-York-NY-10021/244776283_zpid/,"333 E 75th St APT 2G, New York, NY 10021","$500,000",1,1,--,Built in 1961,$--,-- sqft lot,$--/sqft,"$2,040/mo HOA"
